标题,附件
关于落实《进一步加强建筑垃圾和工程渣土管理工作的实施方案》的工作方案（沪绿容[2016]76号）,http:\ztfwjg.lhsr.sh.gov.cn/SHCityEnvCW/Attachment/Download_SyMessageCreateT?sToken=&itemId=4220
《上海港口经营管理实施办法》,http:\ztfwjg.lhsr.sh.gov.cn/SHCityEnvCW/Attachment/Download_SyMessageCreateT?sToken=&itemId=4179
关于印发《关于进一步加强建筑垃圾和工程渣土管理工作的实施方案》的通知,http:\ztfwjg.lhsr.sh.gov.cn/SHCityEnvCW/Attachment/Download_SyMessageCreateT?sToken=&itemId=4159
关于2015年12月第1周本市渣土运输企业严管严惩措施的公示,http:\ztfwjg.lhsr.sh.gov.cn/SHCityEnvCW/Attachment/Download_SyMessageCreateT?sToken=&itemId=4119
关于对上海松迎基础工程有限公司实施市场退出处理的公告,http:\ztfwjg.lhsr.sh.gov.cn/SHCityEnvCW/Attachment/Download_SyMessageCreateT?sToken=&itemId=4099
关于2015年11月第3、4周本市渣土运输企业严管严惩措施的公示,http:\ztfwjg.lhsr.sh.gov.cn/SHCityEnvCW/Attachment/Download_SyMessageCreateT?sToken=&itemId=4079
关于2015年11月第1、2周本市渣土运输企业严管严惩措施的公示,http:\ztfwjg.lhsr.sh.gov.cn/SHCityEnvCW/Attachment/Download_SyMessageCreateT?sToken=&itemId=4059
关于对上海益裕建筑工程有限公司实施市场退出处理的公告（1113）,http:\ztfwjg.lhsr.sh.gov.cn/SHCityEnvCW/Attachment/Download_SyMessageCreateT?sToken=&itemId=4042
关于2015年10月第5周本市渣土运输企业严管严惩措施的公示,http:\ztfwjg.lhsr.sh.gov.cn/SHCityEnvCW/Attachment/Download_SyMessageCreateT?sToken=&itemId=4039
关于2015年10月第4周本市渣土运输企业严管严惩措施的公示,http:\ztfwjg.lhsr.sh.gov.cn/SHCityEnvCW/Attachment/Download_SyMessageCreateT?sToken=&itemId=4019
关于2015年10月第3周本市渣土运输企业严管严惩措施的公示,http:\ztfwjg.lhsr.sh.gov.cn/SHCityEnvCW/Attachment/Download_SyMessageCreateT?sToken=&itemId=3999
关于2015年10月第2周本市渣土运输企业严管严惩措施的公示,http:\ztfwjg.lhsr.sh.gov.cn/SHCityEnvCW/Attachment/Download_SyMessageCreateT?sToken=&itemId=3980
关于2015年10月第1周本市渣土运输企业严管严惩措施的公示,http:\ztfwjg.lhsr.sh.gov.cn/SHCityEnvCW/Attachment/Download_SyMessageCreateT?sToken=&itemId=3961
关于2015年9月第4周本市渣土运输企业严管严惩措施的公示,http:\ztfwjg.lhsr.sh.gov.cn/SHCityEnvCW/Attachment/Download_SyMessageCreateT?sToken=&itemId=3960
关于对上海超强保洁服务有限公司实施市场退出处理的公告（1013）,http:\ztfwjg.lhsr.sh.gov.cn/SHCityEnvCW/Attachment/Download_SyMessageCreateT?sToken=&itemId=3959
关于对奉环、成园实施市场退出处理的公告（1012）,http:\ztfwjg.lhsr.sh.gov.cn/SHCityEnvCW/Attachment/Download_SyMessageCreateT?sToken=&itemId=3941
关于2015年9月第3周本市渣土运输企业严管严惩措施的公示,http:\ztfwjg.lhsr.sh.gov.cn/SHCityEnvCW/Attachment/Download_SyMessageCreateT?sToken=&itemId=3939
关于进一步落实本市建筑渣土卸点付费制度的通知0923,http:\ztfwjg.lhsr.sh.gov.cn/SHCityEnvCW/Attachment/Download_SyMessageCreateT?sToken=&itemId=3899
关于2015年9月第2周本市渣土运输企业严管严惩措施的公示,http:\ztfwjg.lhsr.sh.gov.cn/SHCityEnvCW/Attachment/Download_SyMessageCreateT?sToken=&itemId=3879
本市渣土车辆车厢尺寸统计表,http:\ztfwjg.lhsr.sh.gov.cn/SHCityEnvCW/Attachment/Download_SyMessageCreateT?sToken=&itemId=3859
关于2015年9月第1周本市渣土运输企业严管严惩措施的公示,http:\ztfwjg.lhsr.sh.gov.cn/SHCityEnvCW/Attachment/Download_SyMessageCreateT?sToken=&itemId=3839
车辆清理情况20150831,http:\ztfwjg.lhsr.sh.gov.cn/SHCityEnvCW/Attachment/Download_SyMessageCreateT?sToken=&itemId=3821|http:\ztfwjg.lhsr.sh.gov.cn/SHCityEnvCW/Attachment/Download_SyMessageCreateT?sToken=&itemId=3820
关于2015年8月第3周本市渣土运输企业严管严惩措施的公示,http:\ztfwjg.lhsr.sh.gov.cn/SHCityEnvCW/Attachment/Download_SyMessageCreateT?sToken=&itemId=3819
关于2015年8月第2周本市渣土运输企业严管严惩措施的公示,http:\ztfwjg.lhsr.sh.gov.cn/SHCityEnvCW/Attachment/Download_SyMessageCreateT?sToken=&itemId=3799
车辆新标准发布通知,http:\ztfwjg.lhsr.sh.gov.cn/SHCityEnvCW/Attachment/Download_SyMessageCreateT?sToken=&itemId=3780|http:\ztfwjg.lhsr.sh.gov.cn/SHCityEnvCW/Attachment/Download_SyMessageCreateT?sToken=&itemId=3779
关于2015年8月第1周本市渣土运输企业严管严惩措施的公示,http:\ztfwjg.lhsr.sh.gov.cn/SHCityEnvCW/Attachment/Download_SyMessageCreateT?sToken=&itemId=3759
关于2015年7月第5周本市渣土运输企业严管严惩措施的公示,http:\ztfwjg.lhsr.sh.gov.cn/SHCityEnvCW/Attachment/Download_SyMessageCreateT?sToken=&itemId=3739
关于2015年7月第4周本市渣土运输企业严管严惩措施的公示,http:\ztfwjg.lhsr.sh.gov.cn/SHCityEnvCW/Attachment/Download_SyMessageCreateT?sToken=&itemId=3719
关于对上海万杨拆房有限公司实施市场退出措施的公告,http:\ztfwjg.lhsr.sh.gov.cn/SHCityEnvCW/Attachment/Download_SyMessageCreateT?sToken=&itemId=3700
关于2015年7月第3周本市渣土运输企业严管严惩措施的公示,http:\ztfwjg.lhsr.sh.gov.cn/SHCityEnvCW/Attachment/Download_SyMessageCreateT?sToken=&itemId=3699
关于2015年7月第2周本市渣土运输企业严管严惩措施的公示,http:\ztfwjg.lhsr.sh.gov.cn/SHCityEnvCW/Attachment/Download_SyMessageCreateT?sToken=&itemId=3680
码头视频接入政务外网改造通知,http:\ztfwjg.lhsr.sh.gov.cn/SHCityEnvCW/Attachment/Download_SyMessageCreateT?sToken=&itemId=3661
上海市建筑垃圾车技术及运输管理要求(报批稿),http:\ztfwjg.lhsr.sh.gov.cn/SHCityEnvCW/Attachment/Download_SyMessageCreateT?sToken=&itemId=3660
关于2015年7月第1周本市渣土运输企业严管严惩措施的公示,http:\ztfwjg.lhsr.sh.gov.cn/SHCityEnvCW/Attachment/Download_SyMessageCreateT?sToken=&itemId=3659
渣土车业务办理相关材料,http:\ztfwjg.lhsr.sh.gov.cn/SHCityEnvCW/Attachment/Download_SyMessageCreateT?sToken=&itemId=3642|http:\ztfwjg.lhsr.sh.gov.cn/SHCityEnvCW/Attachment/Download_SyMessageCreateT?sToken=&itemId=3641
关于2015年6月第4周本市渣土运输企业严管严惩措施的公示,http:\ztfwjg.lhsr.sh.gov.cn/SHCityEnvCW/Attachment/Download_SyMessageCreateT?sToken=&itemId=3636
关于2015年6月第3周本市渣土运输企业严管严惩措施的公示,http:\ztfwjg.lhsr.sh.gov.cn/SHCityEnvCW/Attachment/Download_SyMessageCreateT?sToken=&itemId=3614
关于2015年5-6月份本市建筑垃圾和工程渣土运输企业严管严惩措施的公示（城管数据）,http:\ztfwjg.lhsr.sh.gov.cn/SHCityEnvCW/Attachment/Download_SyMessageCreateT?sToken=&itemId=3613
关于2015年6月第1、2周本市渣土运输企业严管严惩措施的公示,http:\ztfwjg.lhsr.sh.gov.cn/SHCityEnvCW/Attachment/Download_SyMessageCreateT?sToken=&itemId=3612
5月份交通违法最多的单位及车辆排名,http:\ztfwjg.lhsr.sh.gov.cn/SHCityEnvCW/Attachment/Download_SyMessageCreateT?sToken=&itemId=3611
2015年6月车辆清理,http:\ztfwjg.lhsr.sh.gov.cn/SHCityEnvCW/Attachment/Download_SyMessageCreateT?sToken=&itemId=3610|http:\ztfwjg.lhsr.sh.gov.cn/SHCityEnvCW/Attachment/Download_SyMessageCreateT?sToken=&itemId=3609
关于2015年5月第4周本市渣土运输企业严管严惩措施的公示,http:\ztfwjg.lhsr.sh.gov.cn/SHCityEnvCW/Attachment/Download_SyMessageCreateT?sToken=&itemId=3608
关于2015年5月第3周本市渣土运输企业严管严惩措施的公示,http:\ztfwjg.lhsr.sh.gov.cn/SHCityEnvCW/Attachment/Download_SyMessageCreateT?sToken=&itemId=3607
关于2015年5月第2周本市渣土运输企业严管严惩措施的公示,http:\ztfwjg.lhsr.sh.gov.cn/SHCityEnvCW/Attachment/Download_SyMessageCreateT?sToken=&itemId=3587
关于2015年5月第1周本市渣土运输企业严管严惩措施的公示,http:\ztfwjg.lhsr.sh.gov.cn/SHCityEnvCW/Attachment/Download_SyMessageCreateT?sToken=&itemId=3567
关于在本市建筑垃圾和工程渣土运输行业实施第三方监管工作的通知,http:\ztfwjg.lhsr.sh.gov.cn/SHCityEnvCW/Attachment/Download_SyMessageCreateT?sToken=&itemId=3566
2015年4月第4周本市渣土运输企业严管严惩措施的公示,http:\ztfwjg.lhsr.sh.gov.cn/SHCityEnvCW/Attachment/Download_SyMessageCreateT?sToken=&itemId=3548
关于落实本市建筑垃圾和工程渣土运输单位招投标工作的会议纪要,http:\ztfwjg.lhsr.sh.gov.cn/SHCityEnvCW/Attachment/Download_SyMessageCreateT?sToken=&itemId=3547
关于2015年4月第3周本市渣土运输企业严管严惩措施的公示,http:\ztfwjg.lhsr.sh.gov.cn/SHCityEnvCW/Attachment/Download_SyMessageCreateT?sToken=&itemId=3546
关于2015年4月第2周本市渣土运输企业严管严惩措施的公示,http:\ztfwjg.lhsr.sh.gov.cn/SHCityEnvCW/Attachment/Download_SyMessageCreateT?sToken=&itemId=3545
监管服务平台使用手册,http:\ztfwjg.lhsr.sh.gov.cn/SHCityEnvCW/Attachment/Download_SyMessageCreateT?sToken=&itemId=3544
关于各区县制作工地及卸点电子围栏信息的方法,http:\ztfwjg.lhsr.sh.gov.cn/SHCityEnvCW/Attachment/Download_SyMessageCreateT?sToken=&itemId=3543
关于2015年3月份本市渣土运输企业交通违法行为的公示,http:\ztfwjg.lhsr.sh.gov.cn/SHCityEnvCW/Attachment/Download_SyMessageCreateT?sToken=&itemId=3527
关于2015年3月份本市渣土运输车辆违法违规排名及处理情况的告知,http:\ztfwjg.lhsr.sh.gov.cn/SHCityEnvCW/Attachment/Download_SyMessageCreateT?sToken=&itemId=3526
关于2015年4月第1周本市渣土运输企业严管严惩措施的公示,http:\ztfwjg.lhsr.sh.gov.cn/SHCityEnvCW/Attachment/Download_SyMessageCreateT?sToken=&itemId=3525
运输单位内部管理现场检查表,http:\ztfwjg.lhsr.sh.gov.cn/SHCityEnvCW/Attachment/Download_SyMessageCreateT?sToken=&itemId=3523
关于2015年3月第4周本市渣土运输企业严管严惩措施的公示,http:\ztfwjg.lhsr.sh.gov.cn/SHCityEnvCW/Attachment/Download_SyMessageCreateT?sToken=&itemId=3509
GPS损坏、年检超期删除车辆清单,http:\ztfwjg.lhsr.sh.gov.cn/SHCityEnvCW/Attachment/Download_SyMessageCreateT?sToken=&itemId=3505|http:\ztfwjg.lhsr.sh.gov.cn/SHCityEnvCW/Attachment/Download_SyMessageCreateT?sToken=&itemId=3508|http:\ztfwjg.lhsr.sh.gov.cn/SHCityEnvCW/Attachment/Download_SyMessageCreateT?sToken=&itemId=3506|http:\ztfwjg.lhsr.sh.gov.cn/SHCityEnvCW/Attachment/Download_SyMessageCreateT?sToken=&itemId=3507
关于浦新公司市场退出通告,http:\ztfwjg.lhsr.sh.gov.cn/SHCityEnvCW/Attachment/Download_SyMessageCreateT?sToken=&itemId=3503
关于2015年3月第3周本市渣土运输企业严管严惩措施的公示,http:\ztfwjg.lhsr.sh.gov.cn/SHCityEnvCW/Attachment/Download_SyMessageCreateT?sToken=&itemId=3463
关于2015年3月第2周本市渣土运输企业严管严惩措施的公示,http:\ztfwjg.lhsr.sh.gov.cn/SHCityEnvCW/Attachment/Download_SyMessageCreateT?sToken=&itemId=3443
关于2015年3月第1周本市渣土运输企业严管严惩措施的公示,http:\ztfwjg.lhsr.sh.gov.cn/SHCityEnvCW/Attachment/Download_SyMessageCreateT?sToken=&itemId=3403
关于印发《上海市废弃物管理2015年工作要点》的通知【沪废发2号文】,http:\ztfwjg.lhsr.sh.gov.cn/SHCityEnvCW/Attachment/Download_SyMessageCreateT?sToken=&itemId=3383
关于2015年2月第2周本市渣土运输企业严管严惩措施的公示,http:\ztfwjg.lhsr.sh.gov.cn/SHCityEnvCW/Attachment/Download_SyMessageCreateT?sToken=&itemId=3363
关于2015年2月第1周本市渣土运输企业严管严惩措施的公示,http:\ztfwjg.lhsr.sh.gov.cn/SHCityEnvCW/Attachment/Download_SyMessageCreateT?sToken=&itemId=3362
关于2015年1月份本市渣土运输企业交通违法行为的公示,http:\ztfwjg.lhsr.sh.gov.cn/SHCityEnvCW/Attachment/Download_SyMessageCreateT?sToken=&itemId=3342
关于2015年1月份本市渣土运输车辆违法违规排名及处理情况的告知,http:\ztfwjg.lhsr.sh.gov.cn/SHCityEnvCW/Attachment/Download_SyMessageCreateT?sToken=&itemId=3322
关于2015年1月第5周本市渣土运输企业严管严惩措施的公示,http:\ztfwjg.lhsr.sh.gov.cn/SHCityEnvCW/Attachment/Download_SyMessageCreateT?sToken=&itemId=3306
关于2015年1月第4周本市渣土运输企业严管严惩措施的公示,http:\ztfwjg.lhsr.sh.gov.cn/SHCityEnvCW/Attachment/Download_SyMessageCreateT?sToken=&itemId=3305
关于2015年1月上半月本市渣土运输企业严管严惩措施的公示,http:\ztfwjg.lhsr.sh.gov.cn/SHCityEnvCW/Attachment/Download_SyMessageCreateT?sToken=&itemId=3303
关于上海市建筑垃圾和工程渣土运输企业相关业务办理的通知,http:\ztfwjg.lhsr.sh.gov.cn/SHCityEnvCW/Attachment/Download_SyMessageCreateT?sToken=&itemId=3301
关于抽查渣土运输车辆右转弯视频设备安装情况的通知,http:\ztfwjg.lhsr.sh.gov.cn/SHCityEnvCW/Attachment/Download_SyMessageCreateT?sToken=&itemId=3261|http:\ztfwjg.lhsr.sh.gov.cn/SHCityEnvCW/Attachment/Download_SyMessageCreateT?sToken=&itemId=3262
2014年下半年渣土运输车辆违法行为公示,http:\ztfwjg.lhsr.sh.gov.cn/SHCityEnvCW/Attachment/Download_SyMessageCreateT?sToken=&itemId=3242
关于上海海沈市政工程有限公司停业整顿的通告,
上海市废弃物管理处关于禁止上海城河实业有限公司及上海百升运输有限公司在沪从事建筑渣土运输的公告,http:\ztfwjg.lhsr.sh.gov.cn/SHCityEnvCW/Attachment/Download_SyMessageCreateT?sToken=&itemId=3178
关于规范新型智能渣土运输车辆试点工作的通知,http:\ztfwjg.lhsr.sh.gov.cn/SHCityEnvCW/Attachment/Download_SyMessageCreateT?sToken=&itemId=3158
关于进一步提高本市建筑渣土运输车辆技术标准的通知,http:\ztfwjg.lhsr.sh.gov.cn/SHCityEnvCW/Attachment/Download_SyMessageCreateT?sToken=&itemId=3138
渣土车第二批清理名单,http:\ztfwjg.lhsr.sh.gov.cn/SHCityEnvCW/Attachment/Download_SyMessageCreateT?sToken=&itemId=3097
关于规范建筑渣土启运强化运输过程管理的通知,http:\ztfwjg.lhsr.sh.gov.cn/SHCityEnvCW/Attachment/Download_SyMessageCreateT?sToken=&itemId=3056
市局关于加强渣土运输车辆车容车况检验通知,http:\ztfwjg.lhsr.sh.gov.cn/SHCityEnvCW/Attachment/Download_SyMessageCreateT?sToken=&itemId=3017
市府办公厅转发《关于进一步加强建筑渣土管理实施意见》的通知,http:\ztfwjg.lhsr.sh.gov.cn/SHCityEnvCW/Attachment/Download_SyMessageCreateT?sToken=&itemId=2996
上海市建筑渣土整治简报（第5期）,http:\ztfwjg.lhsr.sh.gov.cn/SHCityEnvCW/Attachment/Download_SyMessageCreateT?sToken=&itemId=2976
关于进一步加强建筑垃圾和工程渣土水上转运管理要求的通知（14号文）,http:\ztfwjg.lhsr.sh.gov.cn/SHCityEnvCW/Attachment/Download_SyMessageCreateT?sToken=&itemId=2935
上海市建筑渣土整治简报 （第4期）,http:\ztfwjg.lhsr.sh.gov.cn/SHCityEnvCW/Attachment/Download_SyMessageCreateT?sToken=&itemId=2916
关于规范居民非生活垃圾清运收费的通知,http:\ztfwjg.lhsr.sh.gov.cn/SHCityEnvCW/Attachment/Download_SyMessageCreateT?sToken=&itemId=2895
关于上海市建筑垃圾和工程渣土处置管理业务办理的通知,http:\ztfwjg.lhsr.sh.gov.cn/SHCityEnvCW/Attachment/Download_SyMessageCreateT?sToken=&itemId=2871
建筑渣土取消收费通知（财政局发文）,http:\ztfwjg.lhsr.sh.gov.cn/SHCityEnvCW/Attachment/Download_SyMessageCreateT?sToken=&itemId=1303|http:\ztfwjg.lhsr.sh.gov.cn/SHCityEnvCW/Attachment/Download_SyMessageCreateT?sToken=&itemId=1324
关于明确本市建筑垃圾和工程渣土运输处置费有关事项的通知,http:\ztfwjg.lhsr.sh.gov.cn/SHCityEnvCW/Attachment/Download_SyMessageCreateT?sToken=&itemId=1162
关于进一步规范2012年招投标工作相关事项的通知,http:\ztfwjg.lhsr.sh.gov.cn/SHCityEnvCW/Attachment/Download_SyMessageCreateT?sToken=&itemId=2151|http:\ztfwjg.lhsr.sh.gov.cn/SHCityEnvCW/Attachment/Download_SyMessageCreateT?sToken=&itemId=2150
关于加强对本市货物运输车辆扬尘污染控制的通告,http:\ztfwjg.lhsr.sh.gov.cn/SHCityEnvCW/Attachment/Download_SyMessageCreateT?sToken=&itemId=2853
关于加强本市建筑垃圾和工程渣土运输管理的规定,http:\ztfwjg.lhsr.sh.gov.cn/SHCityEnvCW/Attachment/Download_SyMessageCreateT?sToken=&itemId=2852
上海市市容环境卫生管理条例,http:\ztfwjg.lhsr.sh.gov.cn/SHCityEnvCW/Attachment/Download_SyMessageCreateT?sToken=&itemId=2851
建筑渣土泥浆水上转运处置流向月报表,http:\ztfwjg.lhsr.sh.gov.cn/SHCityEnvCW/Attachment/Download_SyMessageCreateT?sToken=&itemId=1987
关于规范建筑垃圾和工程渣土水上转运管理的通知,http:\ztfwjg.lhsr.sh.gov.cn/SHCityEnvCW/Attachment/Download_SyMessageCreateT?sToken=&itemId=1966
市局防台防汛通知,http:\ztfwjg.lhsr.sh.gov.cn/SHCityEnvCW/Attachment/Download_SyMessageCreateT?sToken=&itemId=1946
2012年建筑渣土和装修垃圾管理要点,http:\ztfwjg.lhsr.sh.gov.cn/SHCityEnvCW/Attachment/Download_SyMessageCreateT?sToken=&itemId=1926|http:\ztfwjg.lhsr.sh.gov.cn/SHCityEnvCW/Attachment/Download_SyMessageCreateT?sToken=&itemId=1927
关于印发《关于进一步加强大型货运车辆交通安全管理工作的实施意见》的通知,http:\ztfwjg.lhsr.sh.gov.cn/SHCityEnvCW/Attachment/Download_SyMessageCreateT?sToken=&itemId=1765
装修垃圾运输车辆登记表、车况检查表,http:\ztfwjg.lhsr.sh.gov.cn/SHCityEnvCW/Attachment/Download_SyMessageCreateT?sToken=&itemId=1122
《实施细则》,http:\ztfwjg.lhsr.sh.gov.cn/SHCityEnvCW/Attachment/Download_SyMessageCreateT?sToken=&itemId=1502
码头备案证明表,http:\ztfwjg.lhsr.sh.gov.cn/SHCityEnvCW/Attachment/Download_SyMessageCreateT?sToken=&itemId=1665
市物价局建筑渣土运输处置指导价格文件,http:\ztfwjg.lhsr.sh.gov.cn/SHCityEnvCW/Attachment/Download_SyMessageCreateT?sToken=&itemId=1523
上海市建筑垃圾和工程渣土处置管理规定-市府50号令,http:\ztfwjg.lhsr.sh.gov.cn/SHCityEnvCW/Attachment/Download_SyMessageCreateT?sToken=&itemId=1102
市财政物价局取消渣土收费的通知,http:\ztfwjg.lhsr.sh.gov.cn/SHCityEnvCW/Attachment/Download_SyMessageCreateT?sToken=&itemId=1342
《城市建筑垃圾管理规定》,http:\ztfwjg.lhsr.sh.gov.cn/SHCityEnvCW/Attachment/Download_SyMessageCreateT?sToken=&itemId=1000
建筑渣土运输车辆技术标准,http:\ztfwjg.lhsr.sh.gov.cn/SHCityEnvCW/Attachment/Download_SyMessageCreateT?sToken=&itemId=1323
建筑渣土管理-使用手册,http:\ztfwjg.lhsr.sh.gov.cn/SHCityEnvCW/Attachment/Download_SyMessageCreateT?sToken=&itemId=1021|http:\ztfwjg.lhsr.sh.gov.cn/SHCityEnvCW/Attachment/Download_SyMessageCreateT?sToken=&itemId=1024|http:\ztfwjg.lhsr.sh.gov.cn/SHCityEnvCW/Attachment/Download_SyMessageCreateT?sToken=&itemId=1027|http:\ztfwjg.lhsr.sh.gov.cn/SHCityEnvCW/Attachment/Download_SyMessageCreateT?sToken=&itemId=1029|http:\ztfwjg.lhsr.sh.gov.cn/SHCityEnvCW/Attachment/Download_SyMessageCreateT?sToken=&itemId=1031|http:\ztfwjg.lhsr.sh.gov.cn/SHCityEnvCW/Attachment/Download_SyMessageCreateT?sToken=&itemId=1033|http:\ztfwjg.lhsr.sh.gov.cn/SHCityEnvCW/Attachment/Download_SyMessageCreateT?sToken=&itemId=1035|http:\ztfwjg.lhsr.sh.gov.cn/SHCityEnvCW/Attachment/Download_SyMessageCreateT?sToken=&itemId=1037|http:\ztfwjg.lhsr.sh.gov.cn/SHCityEnvCW/Attachment/Download_SyMessageCreateT?sToken=&itemId=1020|http:\ztfwjg.lhsr.sh.gov.cn/SHCityEnvCW/Attachment/Download_SyMessageCreateT?sToken=&itemId=1022|http:\ztfwjg.lhsr.sh.gov.cn/SHCityEnvCW/Attachment/Download_SyMessageCreateT?sToken=&itemId=1023|http:\ztfwjg.lhsr.sh.gov.cn/SHCityEnvCW/Attachment/Download_SyMessageCreateT?sToken=&itemId=1025|http:\ztfwjg.lhsr.sh.gov.cn/SHCityEnvCW/Attachment/Download_SyMessageCreateT?sToken=&itemId=1026|http:\ztfwjg.lhsr.sh.gov.cn/SHCityEnvCW/Attachment/Download_SyMessageCreateT?sToken=&itemId=1028|http:\ztfwjg.lhsr.sh.gov.cn/SHCityEnvCW/Attachment/Download_SyMessageCreateT?sToken=&itemId=1030|http:\ztfwjg.lhsr.sh.gov.cn/SHCityEnvCW/Attachment/Download_SyMessageCreateT?sToken=&itemId=1032|http:\ztfwjg.lhsr.sh.gov.cn/SHCityEnvCW/Attachment/Download_SyMessageCreateT?sToken=&itemId=1034|http:\ztfwjg.lhsr.sh.gov.cn/SHCityEnvCW/Attachment/Download_SyMessageCreateT?sToken=&itemId=1036
